imdb_title_id,title,original_title,year,date_published,genre,duration,country,language,director,writer,production_company,actors,description,avg_vote,votes,budget,usa_gross_income,worlwide_gross_income,metascore,reviews_from_users,reviews_from_critics
tt0111161,Le ali della libertÃ ,The Shawshank Redemption,1994,1995-02-10,Drama,142,USA,English,Frank Darabont,"Stephen King, Frank Darabont",Castle Rock Entertainment,"Tim Robbins, Morgan Freeman, Bob Gunton, William Sadler, Clancy Brown, Gil Bellows, Mark Rolston, James Whitmore, Jeffrey DeMunn, Larry Brandenburg, Neil Giuntoli, Brian Libby, David Proval, Joseph Ragno, Jude Ciccolella","Two imprisoned men bond over a number of years, finding solace and eventual redemption through acts of common decency.",9.3,2278845,"$25,000,000","$28,699,976","$28,815,245",80,8232,164
tt0468569,Il cavaliere oscuro,The Dark Knight,2008,2008-07-23,"Action, Crime, Drama",152,"USA, UK","English, Mandarin",Christopher Nolan,"Jonathan Nolan, Christopher Nolan",Warner Bros.,"Christian Bale, Heath Ledger, Aaron Eckhart, Michael Caine, Maggie Gyllenhaal, Gary Oldman, Morgan Freeman, Monique Gabriela Curnen, Ron Dean, Cillian Murphy, Chin Han, Nestor Carbonell, Eric Roberts, Ritchie Coster, Anthony Michael Hall","When the menace known as the Joker wreaks havoc and chaos on the people of Gotham, Batman must accept one of the greatest psychological and physical tests of his ability to fight injustice.",9,2241615,"$185,000,000","$535,234,033","$1,005,455,211",84,6938,423
tt1375666,Inception,Inception,2010,2010-09-24,"Action, Adventure, Sci-Fi",148,"USA, UK","English, Japanese, French",Christopher Nolan,Christopher Nolan,Warner Bros.,"Leonardo DiCaprio, Joseph Gordon-Levitt, Ellen Page, Tom Hardy, Ken Watanabe, Dileep Rao, Cillian Murphy, Tom Berenger, Marion Cotillard, Pete Postlethwaite, Michael Caine, Lukas Haas, Tai-Li Lee, Claire Geare, Magnus Nolan",A thief who steals corporate secrets through the use of dream-sharing technology is given the inverse task of planting an idea into the mind of a C.E.O.,8.8,2002816,"$160,000,000","$292,576,195","$869,784,991",74,3927,473
tt0137523,Fight Club,Fight Club,1999,1999-10-29,Drama,139,"USA, Germany",English,David Fincher,"Chuck Palahniuk, Jim Uhls",Fox 2000 Pictures,"Edward Norton, Brad Pitt, Meat Loaf, Zach Grenier, Richmond Arquette, David Andrews, George Maguire, Eugenie Bondurant, Helena Bonham Carter, Christina Cabot, Sydney 'Big Dawg' Colston, Rachel Singer, Christie Cronenweth, Tim DeZarn, Ezra Buzzington","An insomniac office worker and a devil-may-care soapmaker form an underground fight club that evolves into something much, much more.",8.8,1807440,"$63,000,000","$37,030,102","$101,218,804",66,3758,370
tt0110912,Pulp Fiction,Pulp Fiction,1994,1994-10-28,"Crime, Drama",154,USA,"English, Spanish, French",Quentin Tarantino,"Quentin Tarantino, Roger Avary",Miramax,"Tim Roth, Amanda Plummer, Laura Lovelace, John Travolta, Samuel L. Jackson, Phil LaMarr, Frank Whaley, Burr Steers, Bruce Willis, Ving Rhames, Paul Calderon, Bronagh Gallagher, Rosanna Arquette, Eric Stoltz, Uma Thurman","The lives of two mob hitmen, a boxer, a gangster and his wife, and a pair of diner bandits intertwine in four tales of violence and redemption.",8.9,1780147,"$8,000,000","$107,928,762","$222,831,817",94,3058,289
tt0109830,Forrest Gump,Forrest Gump,1994,1994-10-06,"Drama, Romance",142,USA,English,Robert Zemeckis,"Winston Groom, Eric Roth",Paramount Pictures,"Tom Hanks, Rebecca Williams, Sally Field, Michael Conner Humphreys, Harold G. Herthum, George Kelly, Bob Penny, John Randall, Sam Anderson, Margo Moorer, Ione M. Telech, Christine Seabrook, John Worsham, Peter Dobson, Siobhan Fallon Hogan","The presidencies of Kennedy and Johnson, the events of Vietnam, Watergate and other historical events unfold through the perspective of an Alabama man with an IQ of 75, whose only desire is to be reunited with his childhood sweetheart.",8.8,1755490,"$55,000,000","$330,455,270","$678,229,452",82,2416,169
tt0133093,Matrix,The Matrix,1999,1999-05-07,"Action, Sci-Fi",136,USA,English,"Lana Wachowski, Lilly Wachowski","Lilly Wachowski, Lana Wachowski",Warner Bros.,"Keanu Reeves, Laurence Fishburne, Carrie-Anne Moss, Hugo Weaving, Gloria Foster, Joe Pantoliano, Marcus Chong, Julian Arahanga, Matt Doran, Belinda McClory, Anthony Ray Parker, Paul Goddard, Robert Taylor, David Aston, Marc Aden Gray",A computer hacker learns from mysterious rebels about the true nature of his reality and his role in the war against its controllers.,8.7,1632315,"$63,000,000","$171,479,930","$465,718,588",73,4310,342
tt0120737,Il Signore degli Anelli - La compagnia dell'Anello,The Lord of the Rings: The Fellowship of the Ring,2001,2002-01-18,"Action, Adventure, Drama",178,"New Zealand, USA","English, Sindarin",Peter Jackson,"J.R.R. Tolkien, Fran Walsh",New Line Cinema,"Alan Howard, Noel Appleby, Sean Astin, Sala Baker, Sean Bean, Cate Blanchett, Orlando Bloom, Billy Boyd, Marton Csokas, Megan Edwards, Michael Elsworth, Mark Ferguson, Ian Holm, Christopher Lee, Lawrence Makoare",A meek Hobbit from the Shire and eight companions set out on a journey to destroy the powerful One Ring and save Middle-earth from the Dark Lord Sauron.,8.8,1619920,"$93,000,000","$315,544,750","$887,934,303",92,5392,340
tt0167260,Il Signore degli Anelli - Il ritorno del re,The Lord of the Rings: The Return of the King,2003,2004-01-22,"Action, Adventure, Drama",201,"New Zealand, USA","English, Quenya, Old English, Sindarin",Peter Jackson,"J.R.R. Tolkien, Fran Walsh",New Line Cinema,"Noel Appleby, Ali Astin, Sean Astin, David Aston, John Bach, Sean Bean, Cate Blanchett, Orlando Bloom, Billy Boyd, Sadwyn Brophy, Alistair Browning, Marton Csokas, Richard Edge, Jason Fitch, Bernard Hill",Gandalf and Aragorn lead the World of Men against Sauron's army to draw his gaze from Frodo and Sam as they approach Mount Doom with the One Ring.,8.9,1604280,"$94,000,000","$377,845,905","$1,142,271,098",94,3718,353
tt0068646,Il padrino,The Godfather,1972,1972-09-21,"Crime, Drama",175,USA,"English, Italian, Latin",Francis Ford Coppola,"Mario Puzo, Francis Ford Coppola",Paramount Pictures,"Marlon Brando, Al Pacino, James Caan, Richard S. Castellano, Robert Duvall, Sterling Hayden, John Marley, Richard Conte, Al Lettieri, Diane Keaton, Abe Vigoda, Talia Shire, Gianni Russo, John Cazale, Rudy Bond",The aging patriarch of an organized crime dynasty transfers control of his clandestine empire to his reluctant son.,9.2,1572674,"$6,000,000","$134,966,411","$246,120,974",100,3977,253
tt1345836,Il cavaliere oscuro - Il ritorno,The Dark Knight Rises,2012,2012-08-29,"Action, Adventure",164,"UK, USA","English, Arabic",Christopher Nolan,"Jonathan Nolan, Christopher Nolan",Warner Bros.,"Christian Bale, Gary Oldman, Tom Hardy, Joseph Gordon-Levitt, Anne Hathaway, Marion Cotillard, Morgan Freeman, Michael Caine, Matthew Modine, Alon Aboutboul, Ben Mendelsohn, Burn Gorman, Daniel Sunjata, Aidan Gillen, Sam Kennard","Eight years after the Joker's reign of anarchy, Batman, with the help of the enigmatic Catwoman, is forced from his exile to save Gotham City from the brutal guerrilla terrorist Bane.",8.4,1480582,"$250,000,000","$448,139,099","$1,081,133,191",78,3004,547
tt0167261,Il Signore degli Anelli - Le due torri,The Lord of the Rings: The Two Towers,2002,2003-01-16,"Action, Adventure, Drama",179,"New Zealand, USA","English, Sindarin, Old English",Peter Jackson,"J.R.R. Tolkien, Fran Walsh",New Line Cinema,"Bruce Allpress, Sean Astin, John Bach, Sala Baker, Cate Blanchett, Orlando Bloom, Billy Boyd, Jed Brophy, Sam Comery, Brad Dourif, Calum Gittins, Bernard Hill, Bruce Hopkins, Paris Howe Strewe, Christopher Lee","While Frodo and Sam edge closer to Mordor with the help of the shifty Gollum, the divided fellowship makes a stand against Sauron's new ally, Saruman, and his hordes of Isengard.",8.7,1449778,"$94,000,000","$342,551,365","$951,227,416",87,2575,324
tt0816692,Interstellar,Interstellar,2014,2014-11-06,"Adventure, Drama, Sci-Fi",169,"USA, UK, Canada",English,Christopher Nolan,"Jonathan Nolan, Christopher Nolan",Paramount Pictures,"Ellen Burstyn, Matthew McConaughey, Mackenzie Foy, John Lithgow, TimothÃ©e Chalamet, David Oyelowo, Collette Wolfe, Francis X. McCarthy, Bill Irwin, Anne Hathaway, Andrew Borba, Wes Bentley, William Devane, Michael Caine, David Gyasi",A team of explorers travel through a wormhole in space in an attempt to ensure humanity's survival.,8.6,1449256,"$165,000,000","$188,020,017","$696,742,056",74,4100,625
tt0114369,Seven,Se7en,1995,1995-12-15,"Crime, Drama, Mystery",127,USA,English,David Fincher,Andrew Kevin Walker,Cecchi Gori Pictures,"Morgan Freeman, Andrew Kevin Walker, Daniel Zacapa, Brad Pitt, Gwyneth Paltrow, John Cassini, Bob Mack, Peter Crombie, Reg E. Cathey, R. Lee Ermey, George Christy, Endre Hules, Hawthorne James, William Davidson, Bob Collins","Two detectives, a rookie and a veteran, hunt a serial killer who uses the seven deadly sins as his motives.",8.6,1402015,"$33,000,000","$100,125,643","$327,333,559",65,1490,229
tt1853728,Django Unchained,Django Unchained,2012,2013-01-17,"Drama, Western",165,USA,"English, German, French, Italian",Quentin Tarantino,Quentin Tarantino,The Weinstein Company,"Jamie Foxx, Christoph Waltz, Leonardo DiCaprio, Kerry Washington, Samuel L. Jackson, Walton Goggins, Dennis Christopher, James Remar, David Steen, Dana Gourrier, Nichole Galicia, Laura Cayouette, Ato Essandoh, Sammi Rotibi, Clay Donahue Fontenot","With the help of a German bounty hunter, a freed slave sets out to rescue his wife from a brutal Mississippi plantation owner.",8.4,1317856,"$100,000,000","$162,805,434","$425,368,238",81,1547,838
tt0172495,Il gladiatore,Gladiator,2000,2000-05-19,"Action, Adventure, Drama",155,"USA, UK, Malta, Morocco",English,Ridley Scott,"David Franzoni, David Franzoni",DreamWorks,"Russell Crowe, Joaquin Phoenix, Connie Nielsen, Oliver Reed, Richard Harris, Derek Jacobi, Djimon Hounsou, David Schofield, John Shrapnel, Tomas Arana, Ralf Moeller, Spencer Treat Clark, David Hemmings, Tommy Flanagan, Sven-Ole Thorsen",A former Roman General sets out to exact vengeance against the corrupt emperor who murdered his family and sent him into slavery.,8.5,1308193,"$103,000,000","$187,705,427","$465,361,176",67,2653,213
tt0372784,Batman Begins,Batman Begins,2005,2005-06-17,"Action, Adventure",140,"USA, UK","English, Mandarin",Christopher Nolan,"Bob Kane, David S. Goyer",Warner Bros.,"Christian Bale, Michael Caine, Liam Neeson, Katie Holmes, Gary Oldman, Cillian Murphy, Tom Wilkinson, Rutger Hauer, Ken Watanabe, Mark Boone Junior, Linus Roache, Morgan Freeman, Larry Holden, Gerard Murphy, Colin McFarlane","After training with his mentor, Batman begins his fight to free crime-ridden Gotham City from corruption.",8.2,1278075,"$150,000,000","$206,852,432","$373,654,966",70,2911,324
tt0848228,The Avengers,The Avengers,2012,2012-04-25,"Action, Adventure, Sci-Fi",143,USA,"English, Russian, Hindi",Joss Whedon,"Joss Whedon, Zak Penn",Marvel Studios,"Robert Downey Jr., Chris Evans, Mark Ruffalo, Chris Hemsworth, Scarlett Johansson, Jeremy Renner, Tom Hiddleston, Clark Gregg, Cobie Smulders, Stellan SkarsgÃ¥rd, Samuel L. Jackson, Gwyneth Paltrow, Paul Bettany, Alexis Denisof, Tina Benko",Earth's mightiest heroes must come together and learn to fight as a team if they are going to stop the mischievous Loki and his alien army from enslaving humanity.,8,1241220,"$220,000,000","$623,357,910","$1,518,814,206",69,1934,755
tt0102926,Il silenzio degli innocenti,The Silence of the Lambs,1991,1991-03-05,"Crime, Drama, Thriller",118,USA,"English, Latin",Jonathan Demme,"Thomas Harris, Ted Tally",Strong Heart/Demme Production,"Jodie Foster, Lawrence A. Bonney, Kasi Lemmons, Lawrence T. Wrentz, Scott Glenn, Anthony Heald, Frankie Faison, Don Brockett, Frank Seals Jr., Stuart Rudin, Anthony Hopkins, Maria Skorobogatov, Jeffrie Lane, Leib Lensky, George 'Red' Schwartz","A young F.B.I. cadet must receive the help of an incarcerated and manipulative cannibal killer to help catch another serial killer, a madman who skins his victims.",8.6,1234134,"$19,000,000","$130,742,922","$272,753,884",85,1326,224
tt0361748,Bastardi senza gloria,Inglourious Basterds,2009,2009-10-02,"Adventure, Drama, War",153,"Germany, USA","English, German, French, Italian",Quentin Tarantino,Quentin Tarantino,Universal Pictures,"Brad Pitt, MÃ©lanie Laurent, Christoph Waltz, Eli Roth, Michael Fassbender, Diane Kruger, Daniel BrÃ¼hl, Til Schweiger, Gedeon Burkhard, Jacky Ido, B.J. Novak, Omar Doom, August Diehl, Denis MÃ©nochet, Sylvester Groth","In Nazi-occupied France during World War II, a plan to assassinate Nazi leaders by a group of Jewish U.S. soldiers coincides with a theatre owner's vengeful plans for the same.",8.3,1229958,"$70,000,000","$120,540,719","$321,455,689",69,1880,525
tt0076759,Guerre stellari,Star Wars,1977,1977-10-20,"Action, Adventure, Fantasy",121,USA,English,George Lucas,George Lucas,Lucasfilm,"Mark Hamill, Harrison Ford, Carrie Fisher, Peter Cushing, Alec Guinness, Anthony Daniels, Kenny Baker, Peter Mayhew, David Prowse, Phil Brown, Shelagh Fraser, Jack Purvis, Alex McCrindle, Eddie Byrne, Drewe Henley","Luke Skywalker joins forces with a Jedi Knight, a cocky pilot, a Wookiee and two droids to save the galaxy from the Empire's world-destroying battle station, while also attempting to rescue Princess Leia from the mysterious Darth Vader.",8.6,1204107,"$11,000,000","$460,998,507","$775,768,912",90,1852,192
tt0120815,Salvate il soldato Ryan,Saving Private Ryan,1998,1998-10-30,"Drama, War",169,USA,"English, French, German, Czech",Steven Spielberg,Robert Rodat,DreamWorks,"Tom Hanks, Tom Sizemore, Edward Burns, Barry Pepper, Adam Goldberg, Vin Diesel, Giovanni Ribisi, Jeremy Davies, Matt Damon, Ted Danson, Paul Giamatti, Dennis Farina, Joerg Stadler, Max Martini, Dylan Bruno","Following the Normandy Landings, a group of U.S. soldiers go behind enemy lines to retrieve a paratrooper whose brothers have been killed in action.",8.6,1203825,"$70,000,000","$217,049,603","$482,349,603",91,2610,268
tt0108052,Schindler's List,Schindler's List,1993,1994-03-11,"Biography, Drama, History",195,USA,"English, Hebrew, German, Polish, Latin",Steven Spielberg,"Thomas Keneally, Steven Zaillian",Universal Pictures,"Liam Neeson, Ben Kingsley, Ralph Fiennes, Caroline Goodall, Jonathan Sagall, Embeth Davidtz, Malgorzata Gebel, Shmuel Levy, Mark Ivanir, BÃ©atrice Macola, Andrzej Seweryn, Friedrich von Thun, Krzysztof Luft, Harry Nehring, Norbert Weisser","In German-occupied Poland during World War II, industrialist",8.9,1183248,"$22,000,000","$96,898,818","$322,287,794",94,1845,232
tt0407887,The Departed - Il bene e il male,The Departed,2006,2006-10-27,"Crime, Drama, Thriller",151,USA,"English, Cantonese",Martin Scorsese,"William Monahan, Alan Mak",Warner Bros.,"Leonardo DiCaprio, Matt Damon, Jack Nicholson, Mark Wahlberg, Martin Sheen, Ray Winstone, Vera Farmiga, Anthony Anderson, Alec Baldwin, Kevin Corrigan, James Badge Dale, David O'Hara, Mark Rolston, Robert Wahlberg, Kristen Dalton",An undercover cop and a mole in the police attempt to identify each other while infiltrating an Irish gang in South Boston.,8.5,1159703,"$90,000,000","$132,384,315","$291,465,034",85,2340,289
tt0482571,The Prestige,The Prestige,2006,2006-12-22,"Drama, Mystery, Sci-Fi",130,"UK, USA",English,Christopher Nolan,"Jonathan Nolan, Christopher Nolan",Touchstone Pictures,"Hugh Jackman, Christian Bale, Michael Caine, Piper Perabo, Rebecca Hall, Scarlett Johansson, Samantha Mahurin, David Bowie, Andy Serkis, Daniel Davis, Jim Piddock, Christopher Neame, Mark Ryan, Roger Rees, Jamie Harris","After a tragic accident, two stage magicians engage in a battle to create the ultimate illusion while sacrificing everything they have to outwit each other.",8.5,1155723,"$40,000,000","$53,089,891","$109,676,311",66,1422,363
tt0993846,The Wolf of Wall Street,The Wolf of Wall Street,2013,2014-01-23,"Biography, Crime, Drama",180,USA,"English, French",Martin Scorsese,"Terence Winter, Jordan Belfort",Red Granite Pictures,"Leonardo DiCaprio, Jonah Hill, Margot Robbie, Matthew McConaughey, Kyle Chandler, Rob Reiner, Jon Bernthal, Jon Favreau, Jean Dujardin, Joanna Lumley, Cristin Milioti, Christine Ebersole, Shea Whigham, Katarina Cas, P.J. Byrne",Based on the true story of,8.2,1141549,"$100,000,000","$116,900,694","$392,000,694",75,1466,645
tt0080684,L'Impero colpisce ancora,Star Wars: Episode V - The Empire Strikes Back,1980,1980-09-19,"Action, Adventure, Fantasy",124,USA,English,Irvin Kershner,"Leigh Brackett, Lawrence Kasdan",Lucasfilm,"Mark Hamill, Harrison Ford, Carrie Fisher, Billy Dee Williams, Anthony Daniels, David Prowse, Peter Mayhew, Kenny Baker, Frank Oz, Alec Guinness, Jeremy Bulloch, John Hollis, Jack Purvis, Des Webb, Clive Revill","After the Rebels are brutally overpowered by the Empire on the ice planet Hoth, Luke Skywalker begins Jedi training with Yoda, while his friends are pursued by Darth Vader and a bounty hunter named Boba Fett all over the galaxy.",8.7,1132073,"$18,000,000","$291,286,960","$549,265,501",82,1229,228
tt0120689,Il miglio verde,The Green Mile,1999,2000-03-10,"Crime, Drama, Fantasy",189,USA,"English, French",Frank Darabont,"Stephen King, Frank Darabont",Castle Rock Entertainment,"Tom Hanks, David Morse, Bonnie Hunt, Michael Clarke Duncan, James Cromwell, Michael Jeter, Graham Greene, Doug Hutchison, Sam Rockwell, Barry Pepper, Jeffrey DeMunn, Patricia Clarkson, Harry Dean Stanton, Dabbs Greer, Eve Brent","The lives of guards on Death Row are affected by one of their charges: a black man accused of child murder and rape, yet who has a mysterious gift.",8.6,1112336,"$60,000,000","$136,801,374","$286,801,374",61,1761,205
tt0499549,Avatar,Avatar,2009,2010-01-15,"Action, Adventure, Fantasy",162,USA,"English, Spanish",James Cameron,James Cameron,Twentieth Century Fox,"Sam Worthington, Zoe Saldana, Sigourney Weaver, Stephen Lang, Michelle Rodriguez, Giovanni Ribisi, Joel David Moore, CCH Pounder, Wes Studi, Laz Alonso, Dileep Rao, Matt Gerald, Sean Anthony Moran, Jason Whyte, Scott Lawrence",A paraplegic Marine dispatched to the moon Pandora on a unique mission becomes torn between following his orders and protecting the world he feels is his home.,7.8,1101160,"$237,000,000","$760,507,625","$2,790,439,092",83,3442,733
tt0209144,Memento,Memento,2000,2001-01-19,"Mystery, Thriller",113,USA,English,Christopher Nolan,"Christopher Nolan, Jonathan Nolan",Newmarket Capital Group,"Guy Pearce, Carrie-Anne Moss, Joe Pantoliano, Mark Boone Junior, Russ Fega, Jorja Fox, Stephen Tobolowsky, Harriet Sansom Harris, Thomas Lennon, Callum Keith Rennie, Kimberly Campbell, Marianne Muellerleile, Larry Holden",A man with short-term memory loss attempts to track down his wife's murderer.,8.4,1098879,"$9,000,000","$25,544,867","$39,970,386",80,2278,213
tt0071562,Il padrino - Parte II,The Godfather: Part II,1974,1975-09-25,"Crime, Drama",202,USA,"English, Italian, Spanish, Latin, Sicilian",Francis Ford Coppola,"Francis Ford Coppola, Mario Puzo",Paramount Pictures,"Al Pacino, Robert Duvall, Diane Keaton, Robert De Niro, John Cazale, Talia Shire, Lee Strasberg, Michael V. Gazzo, G.D. Spradlin, Richard Bright, Gastone Moschin, Tom Rosqui, Bruno Kirby, Frank Sivero, Francesca De Sapio","The early life and career of Vito Corleone in 1920s New York City is portrayed, while his son, Michael, expands and tightens his grip on the family crime syndicate.",9,1098714,"$13,000,000","$47,834,595","$48,035,783",90,1030,178
tt1130884,Shutter Island,Shutter Island,2010,2010-03-05,"Mystery, Thriller",138,USA,"English, German",Martin Scorsese,"Laeta Kalogridis, Dennis Lehane",Paramount Pictures,"Leonardo DiCaprio, Mark Ruffalo, Ben Kingsley, Max von Sydow, Michelle Williams, Emily Mortimer, Patricia Clarkson, Jackie Earle Haley, Ted Levine, John Carroll Lynch, Elias Koteas, Robin Bartlett, Christopher Denham, Nellie Sciutto, Joseph Sikora","In 1954, a U.S. Marshal investigates the disappearance of a murderer who escaped from a hospital for the criminally insane.",8.2,1096024,"$80,000,000","$128,012,934","$294,804,195",63,1286,523
tt0169547,American Beauty,American Beauty,1999,2000-01-21,Drama,122,USA,English,Sam Mendes,Alan Ball,DreamWorks,"Kevin Spacey, Annette Bening, Thora Birch, Wes Bentley, Mena Suvari, Peter Gallagher, Allison Janney, Chris Cooper, Scott Bakula, Sam Robards, Barry Del Sherman, Ara Celi, John Cho, Fort Atkinson, Sue Casey",A sexually frustrated suburban father has a mid-life crisis after becoming infatuated with his daughter's best friend.,8.3,1049009,"$15,000,000","$130,096,601","$356,296,601",84,2903,198
tt0088763,Ritorno al futuro,Back to the Future,1985,1985-10-18,"Adventure, Comedy, Sci-Fi",116,USA,English,Robert Zemeckis,"Robert Zemeckis, Bob Gale",Universal Pictures,"Michael J. Fox, Christopher Lloyd, Lea Thompson, Crispin Glover, Thomas F. Wilson, Claudia Wells, Marc McClure, Wendie Jo Sperber, George DiCenzo, Frances Lee McCain, James Tolkan, J.J. Cohen, Casey Siemaszko, Billy Zane, Harry Waters Jr.","Marty McFly, a 17-year-old high school student, is accidentally sent thirty years into the past in a time-traveling DeLorean invented by his close friend, the eccentric scientist Doc Brown.",8.5,1027330,"$19,000,000","$211,406,762","$388,774,684",87,1202,246
tt2015381,Guardiani della Galassia,Guardians of the Galaxy,2014,2014-10-22,"Action, Adventure, Comedy",121,USA,English,James Gunn,"James Gunn, Nicole Perlman",Marvel Studios,"Chris Pratt, Zoe Saldana, Dave Bautista, Vin Diesel, Bradley Cooper, Lee Pace, Michael Rooker, Karen Gillan, Djimon Hounsou, John C. Reilly, Glenn Close, Benicio Del Toro, Laura Haddock, Sean Gunn, Peter Serafinowicz",A group of intergalactic criminals must pull together to stop a fanatical warrior with plans to purge the universe.,8,1023350,"$170,000,000","$333,176,600","$772,791,156",76,1405,721
tt0120338,Titanic,Titanic,1997,1998-01-16,"Drama, Romance",194,"USA, Mexico, Australia, Canada","English, Swedish, Italian, French",James Cameron,James Cameron,Twentieth Century Fox,"Leonardo DiCaprio, Kate Winslet, Billy Zane, Kathy Bates, Frances Fisher, Gloria Stuart, Bill Paxton, Bernard Hill, David Warner, Victor Garber, Jonathan Hyde, Suzy Amis, Lewis Abernathy, Nicholas Cascone, Anatoly M. Sagalevitch","A seventeen-year-old aristocrat falls in love with a kind but poor artist aboard the luxurious, ill-fated R.M.S. Titanic.",7.8,1023181,"$200,000,000","$659,363,944","$2,195,169,869",75,2884,331
tt0120586,American History X,American History X,1998,1999-08-27,Drama,119,USA,English,Tony Kaye,David McKenna,New Line Cinema,"Edward Norton, Edward Furlong, Beverly D'Angelo, Jennifer Lien, Ethan Suplee, Fairuza Balk, Avery Brooks, Elliott Gould, Stacy Keach, William Russ, Guy Torry, Joe Cortese, Jason Bose Smith, Antonio David Lyons, Alex Sol",A former neo-nazi skinhead tries to prevent his younger brother from going down the same wrong path that he did.,8.5,1014218,"$20,000,000","$6,719,864","$23,875,127",62,1594,174
tt0434409,V per Vendetta,V for Vendetta,2005,2006-03-17,"Action, Drama, Sci-Fi",132,"USA, UK, Germany",English,James McTeigue,"Lilly Wachowski, Lana Wachowski",Warner Bros.,"Natalie Portman, Hugo Weaving, Stephen Rea, Stephen Fry, John Hurt, Tim Pigott-Smith, Rupert Graves, Roger Allam, Ben Miles, SinÃ©ad Cusack, Natasha Wightman, John Standing, Eddie Marsan, Clive Ashborn, Emma Field-Rayner","In a future British tyranny, a shadowy freedom fighter, known only by the alias of ""V"", plots to overthrow it with the help of a young woman.",8.2,1009729,"$54,000,000","$70,511,035","$132,511,035",62,2220,190
tt0110413,LÃ©on,LÃ©on,1994,1995-04-07,"Action, Crime, Drama",110,"France, USA","English, Italian, French",Luc Besson,Luc Besson,Gaumont,"Jean Reno, Gary Oldman, Natalie Portman, Danny Aiello, Peter Appel, Willi One Blood, Don Creech, Keith A. Glascoe, Randolph Scott, Michael Badalucco, Ellen Greene, Elizabeth Regen, Carl J. Matusovich, Frank Senger, Lucius Wyatt Cherokee","Mathilda, a 12-year-old girl, is reluctantly taken in by LÃ©on, a professional assassin, after her family is murdered. An unusual relationship forms as she becomes his protÃ©gÃ©e and learns the assassin's trade.",8.5,1007598,FRF 115000000,"$19,501,238","$19,552,639",64,1214,140
tt0325980,La maledizione della prima luna,Pirates of the Caribbean: The Curse of the Black Pearl,2003,2003-09-05,"Action, Adventure, Fantasy",143,USA,English,Gore Verbinski,"Ted Elliott, Terry Rossio",Walt Disney Pictures,"Johnny Depp, Geoffrey Rush, Orlando Bloom, Keira Knightley, Jack Davenport, Jonathan Pryce, Lee Arenberg, Mackenzie Crook, Damian O'Hare, Giles New, Angus Barnett, David Bailie, Michael Berry Jr., Isaac C. Singleton Jr., Kevin McNally","Blacksmith Will Turner teams up with eccentric pirate ""Captain"" Jack Sparrow to save his love, the governor's daughter, from Jack's former pirate allies, who are now undead.",8,1001260,"$140,000,000","$305,413,918","$654,264,015",63,2196,292
tt0099685,Quei bravi ragazzi,Goodfellas,1990,1990-09-20,"Biography, Crime, Drama",146,USA,"English, Italian",Martin Scorsese,"Nicholas Pileggi, Nicholas Pileggi",Warner Bros.,"Robert De Niro, Ray Liotta, Joe Pesci, Lorraine Bracco, Paul Sorvino, Frank Sivero, Tony Darrow, Mike Starr, Frank Vincent, Chuck Low, Frank DiLeo, Henny Youngman, Gina Mastrogiacomo, Catherine Scorsese, Charles Scorsese",The story of,8.7,991505,"$25,000,000","$46,836,214","$46,879,633",90,1324,146
tt0266697,Kill Bill - Volume 1,Kill Bill: Vol. 1,2003,2003-10-24,"Action, Crime, Thriller",111,"USA, Japan","English, Japanese, French",Quentin Tarantino,"Quentin Tarantino, Quentin Tarantino",Miramax,"Uma Thurman, Lucy Liu, Vivica A. Fox, Daryl Hannah, David Carradine, Michael Madsen, Julie Dreyfus, Chiaki Kuriyama, Shin'ichi Chiba, Chia-Hui Liu, Michael Parks, Michael Bowen, Jun Kunimura, Kenji Ohba, Yuki Kazamatsuri","After awakening from a four-year coma, a former assassin wreaks vengeance on the team of assassins who betrayed her.",8.1,977296,"$30,000,000","$70,099,045","$180,899,045",69,2285,370
tt0103064,Terminator 2 - Il giorno del giudizio,Terminator 2: Judgment Day,1991,1991-12-19,"Action, Sci-Fi",137,"USA, France","English, Spanish",James Cameron,"James Cameron, William Wisher",Carolco Pictures,"Arnold Schwarzenegger, Linda Hamilton, Edward Furlong, Robert Patrick, Earl Boen, Joe Morton, S. Epatha Merkerson, Castulo Guerra, Danny Cooksey, Jenette Goldstein, Xander Berkeley, Leslie Hamilton Gearren, Ken Gibbel, Robert Winley, Peter Schrum","A cyborg, identical to the one who failed to kill Sarah Connor, must now protect her teenage son, John Connor, from a more advanced and powerful cyborg.",8.5,974970,"$102,000,000","$205,881,154","$520,884,847",75,1279,296
tt0910970,WALLÂ·E,WALLÂ·E,2008,2008-10-17,"Animation, Adventure, Family",98,USA,English,Andrew Stanton,"Andrew Stanton, Pete Docter",FortyFour Studios,"Ben Burtt, Elissa Knight, Jeff Garlin, Fred Willard, MacInTalk, John Ratzenberger, Kathy Najimy, Sigourney Weaver, Teddy Newton, Bob Bergen, John Cygan, Pete Docter, Paul Eiding, Donald Fullilove, Teresa Ganzel","In the distant future, a small waste-collecting robot inadvertently embarks on a space journey that will ultimately decide the fate of mankind.",8.4,974734,"$180,000,000","$223,808,164","$521,311,860",95,1287,269
tt0114814,I soliti sospetti,The Usual Suspects,1995,1995-11-30,"Crime, Mystery, Thriller",106,"USA, Germany","English, Hungarian, Spanish, French",Bryan Singer,Christopher McQuarrie,PolyGram Filmed Entertainment,"Stephen Baldwin, Gabriel Byrne, Benicio Del Toro, Kevin Pollak, Kevin Spacey, Chazz Palminteri, Pete Postlethwaite, Suzy Amis, Giancarlo Esposito, Dan Hedaya, Paul Bartel, Carl Bressler, Phillipe Simon, Jack Shearer, Christine Estabrook","A sole survivor tells of the twisty events leading up to a horrific gun battle on a boat, which began when five criminals met at a seemingly random police lineup.",8.5,968947,"$6,000,000","$23,341,568","$23,341,568",77,1372,147
tt0112573,Braveheart - Cuore impavido,Braveheart,1995,1995-12-01,"Biography, Drama, History",178,USA,"English, French, Latin, Scottish Gaelic, Italian",Mel Gibson,Randall Wallace,Icon Entertainment International,"James Robinson, Sean Lawlor, Sandy Nelson, James Cosmo, Sean McGinley, Alan Tall, Andrew Weir, Gerda Stevenson, Ralph Riach, Mhairi Calvey, Brian Cox, Patrick McGoohan, Peter Hanly, Sophie Marceau, Stephen Billington",Scottish warrior William Wallace leads his countrymen in a rebellion to free his homeland from the tyranny of King Edward I of England.,8.3,941683,"$72,000,000","$75,609,945","$213,216,216",68,1276,148
tt0086190,Il ritorno dello Jedi,Star Wars: Episode VI - Return of the Jedi,1983,1983-10-21,"Action, Adventure, Fantasy",131,USA,English,Richard Marquand,"Lawrence Kasdan, George Lucas",Lucasfilm,"Mark Hamill, Harrison Ford, Carrie Fisher, Billy Dee Williams, Anthony Daniels, Peter Mayhew, Sebastian Shaw, Ian McDiarmid, Frank Oz, James Earl Jones, David Prowse, Alec Guinness, Kenny Baker, Michael Pennington, Kenneth Colley","After a daring mission to rescue Han Solo from Jabba the Hutt, the Rebels dispatch to Endor to destroy the second Death Star. Meanwhile, Luke struggles to help Darth Vader back from the dark side without falling into the Emperor's trap.",8.3,928036,"$32,500,000","$309,306,177","$475,347,111",58,839,202
tt0266543,Alla ricerca di Nemo,Finding Nemo,2003,2003-12-03,"Animation, Adventure, Comedy",100,"USA, Australia",English,"Andrew Stanton, Lee Unkrich","Andrew Stanton, Andrew Stanton",Pixar Animation Studios,"Albert Brooks, Ellen DeGeneres, Alexander Gould, Willem Dafoe, Brad Garrett, Allison Janney, Austin Pendleton, Stephen Root, Vicki Lewis, Joe Ranft, Geoffrey Rush, Andrew Stanton, Elizabeth Perkins, Nicholas Bird, Bob Peterson","After his son is captured in the Great Barrier Reef and taken to Sydney, a timid clownfish sets out on a journey to bring him home.",8.1,927957,"$94,000,000","$380,843,261","$940,350,086",90,978,149
tt0371746,Iron Man,Iron Man,2008,2008-05-01,"Action, Adventure, Sci-Fi",126,"USA, Canada","English, Persian, Urdu, Arabic, Kurdish, Hindi, Hungarian",Jon Favreau,"Mark Fergus, Hawk Ostby",Paramount Pictures,"Robert Downey Jr., Terrence Howard, Jeff Bridges, Gwyneth Paltrow, Leslie Bibb, Shaun Toub, Faran Tahir, Clark Gregg, Bill Smitrovich, Sayed Badreya, Paul Bettany, Jon Favreau, Peter Billingsley, Tim Guinee, Will Lyman","After being held captive in an Afghan cave, billionaire engineer Tony Stark creates a unique weaponized suit of armor to fight evil.",7.9,920706,"$140,000,000","$319,034,126","$585,796,247",79,1329,540
